{"f1_score":0,"_wandb":{"runtime":7433},"_timestamp":1.735420289674481e+09,"_runtime":7422.8663879,"_step":2,"train_loss":5.880993708045081,"eval_loss":5.716406932243934,"em_score":0}