{"_wandb":{"runtime":5326},"_step":146,"loss":0.7046118974685669,"learning_rate":1.7386666666666667e-05,"_timestamp":1.7359946815859041e+09,"_runtime":5283.2405471}