{"_timestamp":1.7360816199897106e+09,"_runtime":86453.5275391,"_step":2,"train_loss":0.22790089409508638,"eval_loss":0.08442049336340278,"em_score":0.0006200589055960316,"f1_score":0,"_wandb":{"runtime":86458}}