{"_timestamp":1.735782837313703e+09,"_runtime":49256.0254904,"_step":1130,"_wandb":{"runtime":49266},"loss":0.0027628932148218155,"learning_rate":1.9893333333333335e-05}