{"_wandb":{"runtime":3551},"learning_rate":8.849557522123895e-06,"_timestamp":1.7357333954283543e+09,"_runtime":3531.653236,"_step":62,"loss":0.733496904373169}